,Neighborhood,Price,Bedrooms,Bathrooms,House Size,Description,Neighborhood Description
0,Sapporo,45000000,3,2,150,"Step into your dream home in Sapporo! This cozy real estate gem comes fully equipped with modern amenities like a spacious kitchen, luxurious bathroom, and a cozy fireplace. Enjoy the convenience of nearby parks, shopping centers, and public transportation. Welcome home!","""Located in Sapporo, this property boasts excellent access to transportation lines, top-rated schools, shopping centers, and leisure facilities. Enjoy the perfect blend of urban convenience and peaceful surroundings."""
1,Otaru,32000000,2,1,100,"Step into your dream home in Otaru! This cozy real estate gem boasts a fully equipped kitchen, spacious living area with a fireplace, and a serene garden perfect for relaxation. With nearby amenities like schools and shops, this property is a must-see!","Experience the charm of Otaru living with convenient transportation lines, top-rated schools, shopping centers, and leisure facilities nearby. Enjoy the perfect blend of urban sophistication and tranquil surroundings."
2,Hakodate,60000000,4,3,200,"Step into your dream home in Hakodate! This cozy real estate gem boasts modern appliances, a spacious kitchen, and a stunning view of the city. Enjoy the convenience of nearby parks, schools, and shopping centers. Make this your forever home today!","Nestled in Hakodate, this property boasts easy access to transportation lines, reputable schools, diverse shopping options, and a variety of leisure facilities. Enjoy the perfect blend of urban convenience and tranquility."
3,Asahikawa,28000000,2,1,90,"Step into your dream home in Asahikawa! This cozy property comes fully equipped with modern amenities such as a spacious kitchen, a relaxing hot tub, and a beautiful garden. Enjoy the peaceful surroundings and make this charming house your own slice of paradise.","Located in Asahikawa, this property boasts excellent transportation links, top-rated schools, shopping centers, and recreational facilities nearby. Enjoy the perfect balance of urban convenience and peaceful surroundings."
4,Kushiro,38000000,3,2,120,"Step into your dream home in Kushiro! This cozy real estate offers a spacious living room, modern kitchen appliances, and a serene garden perfect for relaxation. Enjoy the convenience of nearby schools, parks, and shopping centers. Make your move today!","""Located in Kushiro, this property boasts convenient access to transportation lines, top-rated schools, shopping centers, and leisure facilities. Enjoy the perfect blend of urban amenities and tranquil surroundings."""
5,Obihiro,42000000,3,2,140,"Step into your dream home in Obihiro, where cozy living meets modern convenience. This charming property boasts a fully equipped kitchen, spacious living areas, and a private backyard oasis. Enjoy the peaceful surroundings and easy access to nearby amenities. Welcome home.","Experience the vibrant neighborhood of Obihiro with convenient access to transportation lines, top-rated schools, shopping centers, and leisure facilities. Enjoy the perfect blend of urban living and tranquility."
6,Kitami,35000000,2,1,110,"Step into your dream home in Kitami, where cozy living meets modern convenience. This property boasts a fully equipped kitchen, spacious living areas, and a serene backyard oasis. Enjoy the convenience of nearby schools, parks, and shopping. Your ideal lifestyle awaits in Kitami!","Nestled in Kitami, this vibrant neighborhood boasts excellent transportation links, top-rated schools, diverse shopping options, and plenty of leisure facilities. Enjoy urban living with a touch of tranquility."
7,Tomakomai,50000000,3,2,160,"Step into your dream home in Tomakomai, where comfort meets luxury. This cozy real estate boasts a modern kitchen with stainless steel appliances, a spacious living room with a fireplace, and a serene backyard perfect for relaxation. Don't miss out on this gem!","Nestled in Tomakomai, this vibrant neighborhood boasts excellent transportation links, top-rated schools, shopping centers, and leisure facilities. Enjoy the perfect blend of urban convenience and suburban tranquility."
8,Wakkanai,26000000,2,1,80,"Step into your dream home in Wakkanai! This cozy real estate boasts modern appliances, a spacious kitchen, and a relaxing garden perfect for unwinding. Enjoy the convenience of nearby schools, parks, and shopping centers. Don't miss out on this gem!","Nestled in Wakkanai, this property boasts excellent access to transportation lines, top-rated schools, vibrant shopping centers, and a variety of leisure facilities, all within a perfect balance of urban living."
9,Muroran,33000000,2,1,105,"Welcome to this cozy real estate in Muroran! This charming property boasts modern amenities such as a fully equipped kitchen, spacious living area, and a beautiful garden. Enjoy the serene surroundings and make this your dream home today!","Located in Muroran, this real estate boasts convenient access to transportation lines, top schools, shopping centers, and leisure facilities. Enjoy the perfect blend of urban living and peaceful surroundings."
10,Chitose,47000000,3,2,155,"Step into your dream home in Chitose, where comfort meets convenience. This cozy real estate comes fully equipped with modern appliances, a spacious kitchen, and a relaxing outdoor patio. Enjoy the luxury of a private garage, lush garden, and nearby amenities.","Chitose is a vibrant neighborhood with excellent transportation links, top-rated schools, diverse shopping options, and plenty of leisure facilities. Its perfect blend of urban amenities and serene surroundings makes it a desirable place to live."
11,Iwamizawa,31000000,2,1,95,"Step into your dream home in Iwamizawa! This cozy real estate gem is perfect for you. Equipped with a fireplace, modern kitchen appliances, and a spacious backyard for relaxing evenings. Don't miss out on this opportunity to live in comfort and style!","Located in Iwamizawa, this property boasts easy access to transportation lines, top-rated schools, shopping centers, and leisure facilities. Enjoy the perfect blend of urban convenience and suburban tranquility."
12,Abashiri,40000000,3,2,130,"Step into your dream home in Abashiri, where cozy comfort meets modern convenience. This charming property boasts a fully equipped kitchen, spacious living area, and a tranquil garden perfect for relaxing. Don't miss out on this opportunity to make it yours!","Nestled in Abashiri, this property boasts easy access to transportation lines, top-rated schools, vibrant shopping centers, and a variety of leisure facilities, all within a beautifully balanced urban setting."
13,Furano,44000000,3,2,145,"Step into your dream home in Furano! This cozy property comes fully equipped with modern appliances, a spacious kitchen, and a beautiful fireplace. Enjoy the convenience of a private garage, stunning views of the mountains, and easy access to nearby ski resorts. Live the ultimate Furano lifestyle!","Situated in Furano, this real estate enjoys excellent proximity to transportation lines, schools, shopping centers, and leisure facilities. The perfect balance of urban convenience and natural beauty awaits you."
14,Nayoro,29000000,2,1,85,"Step into your dream home in Nayoro! This cozy real estate offers a perfect blend of comfort and style. Enjoy the modern kitchen appliances, spacious living room with a fireplace, and a serene backyard garden. Embrace the tranquility of this charming property.","Nayoro real estate boasts convenient transportation links, top-rated schools, abundant shopping options, and diverse leisure facilities nearby. Enjoy the perfect blend of urban amenities and peaceful surroundings in this vibrant neighborhood."
15,Rumoi,37000000,3,2,125,"Step into your dream home in Rumoi, where cozy comfort meets modern convenience. This charming property boasts a fully equipped kitchen, spacious living area, and a tranquil garden perfect for relaxation. Don't miss out on this opportunity to make it yours!","Located in Rumoi, this charming real estate boasts easy access to transportation lines, top-rated schools, vibrant shopping centers, and a variety of leisure facilities. Enjoy the perfect blend of urban convenience and suburban tranquility."
16,Shibetsu,49000000,3,2,165,"Welcome to your cozy retreat in Shibetsu! This charming real estate boasts modern kitchen appliances, a spacious living area with a fireplace, and a serene garden perfect for relaxation. Enjoy the convenience of nearby shopping centers and schools. Your dream home awaits!","Nestled in Shibetsu, this property boasts excellent transportation access, top-rated schools, vibrant shopping options, and abundant leisure facilities. Enjoy a perfect blend of urban convenience and peaceful surroundings."
17,Nemuro,27000000,2,1,75,"Step into your dream home in Nemuro, where comfort meets convenience. This cozy real estate boasts modern appliances, a spacious kitchen, and a relaxing outdoor patio. Enjoy the luxury of a fireplace, heated floors, and stunning views. Welcome home.","Nemuro boasts a vibrant neighborhood with excellent transportation links, top-rated schools, shopping options, and leisure facilities nearby. Its perfect blend of urban amenities and natural beauty makes it a desirable location."
18,Kutchan,36000000,3,2,115,"Step into your dream home in Kutchan! This cozy real estate offers a perfect blend of comfort and style. Enjoy the modern kitchen, spacious living area, and stunning mountain views. Relax in the private hot tub, stay warm with heated floors, and experience luxury living at its best.","Nestled in Kutchan, this charming neighborhood offers easy access to transportation lines, top-rated schools, trendy shopping spots, and a variety of leisure facilities, all while maintaining a perfect balance of urban living."
